Contas â€” Kim Kardashian segue,Contas seguidas entre si,PESO,Contas seguidas entre si,PESO,Contas seguidas entre si,PESO,Contas seguidas entre si,PESO,Contas seguidas entre si,PESO,Contas seguidas entre si,PESO,Contas seguidas entre si,PESO,Contas seguidas entre si,PESO,Contas seguidas entre si,PESO
@KIMKARDASHIAN,Oprah,188,elirusellinetz,124,kkwbeauty,122,kkhofficial,115,mailonline,2152,ddlovato,124,uberfacts,123,,,,
@MonicaDenise,EdyHaney,417,DaRealNiecey,1602,KELLYROWLAND,1048,serenawilliams,219,MsBKB,260,people,1080,lala,339,tracyromulus,258,TheEllenShow,26446
@hrush,lovekardashhian,12,steph_shep,54,MakeupShayla,180,KardashianNavy,41,lorenridinger,932,kourtneykardash,90,,,,,,
@yourboyfai,KendallJenner,81,steph_shep,186,harryhudson,2917,,,,,,,,,,,,
@JoelOsteen,DaRealNiecey,2096,ForeverMalika,99,MonicaDenise,490,khloekardashian,89,kandeejohnson,1094,,,,,,,,
@norisblackbook,KimKWestPics,1,KrysJenner,426,KimKanyeKimYeFC,84,kuwthewests,23,robkardashian,125,,,,,,,,
@MakeupShayla,kellyrowland,1353,kandeejohnson,908,kandeejohnson,908,,,,,,,,,,,,
@AP_Fashion,ryanseacrest,2288,people,1125,JustJared,94,,,,,,,,,,,,
@everyhour,NoemyeWest,35,kyliejenner,526,KKWMAFIAMEDIA,484,,,,,,,,,,,,
@EdyHaney,cut_50,3117,msbkb,677,AliceMarieFree,8,,,,,,,,,,,,
@oxygen,enews,113715,cut_50,2969,AliceMarieFree,684,,,,,,,,,,,,
@NoemyeWest,krisjenner,266,TheKimbino,183,makeupbymario,130,,,,,,,,,,,,
@TheKimbino,khloekardashian,124,KKWMAFIAMEDIA,376,kanyewest,100,,,,,,,,,,,,
@kandeejohnson,makeupbymario,868,enews,112842,,,,,,,,,,,,,,
@KKWMAFIAMEDIA,NoemyeWest,429,wannabelikekim,23,MUNCHKiN_XO,137,,,,,,,,,,,,
@armenia,kourtneykardash,171,KIMKARDASHIAN,124,,,,,,,,,,,,,,
@KKWFORMATION,kourtneykardash,25,everyhour,431,skims,53,,,,,,,,,,,,
@balleralert,serenawilliams,25,esrailian,43,,,,,,,,,,,,,,
@JustJared,harryhudson,2064,usweekly,1780,AdrienneBailon,2404,,,,,,,,,,,,
@enews,AP_Fashion,111141,roxysowlaty,113844,oxygen,113615,,,,,,,,,,,,
@AdrienneBailon,kellyrowland,1154,serenawilliams,192,oxygen,164,,,,,,,,,,,,
@bellahadid,harryhudson,752,ArianaGrande,57463,,,,,,,,,,,,,,
@TWFTonyWilliams,angiemartinez,274,,,,,,,,,,,,,,,,
@esrailian,robkardashian,779,,,,,,,,,,,,,,,,
@OgeKimKanye,khloekardashian,242,kanyewest,266,MUNCHKiN_XO,126,,,,,,,,,,,,
@yokoono,usweekly,887827,ArianaGrande,831400,TheEllenShow,861900,,,,,,,,,,,,
@TravisLynnWhite,skims,141,TheKimbino,241,AdrienneBailon,453,,,,,,,,,,,,
@ArianaGrande,elizabethtaylor,57546,JustJared,54647,TheEllenShow,30500,,,,,,,,,,,,
@cut_50,angiemartinez,2687,EdyHaney,3117,oxygen,2969,,,,,,,,,,,,
@MsBKB,lala,79,EdyHaney,617,cut_50,2440,,,,,,,,,,,,
@KimKLegion,robkardashian,878,NoemyeWest,326,TheKimbino,143,,,,,,,,,,,,
@KKWNavy,kendalljenner,27,NoemyeWest,429,TheKimbino,246,,,,,,,,,,,,
@AliceMarieFree,kourtneykardash,150,kanyewest,48,cut_50,3125,,,,,,,,,,,,
@TheEllenShow,kellyrowland,25397,JustJared,24147,AdrienneBailon,26551,,,,,,,,,,,,
@UltimateKKW,krazyforkardash,93,KKWFORMATION,10,iheartkimnet,9,,,,,,,,,,,,
@MUNCHKiN_XO,harryhudson,752,skims,100,TheKimbino,200,,,,,,,,,,,,
@KKWMAFIA,kourtneykardash,21,skims,57,TheKimbino,279,,,,,,,,,,,,
@colinags,krisjenner,12,everyhour,243,kendalljenner,124,,,,,,,,,,,,
@KimKWestPics,TheKimbino,172,KKWMAFIAMEDIA,164,TheEllenShow,29111,,,,,,,,,,,,
@KrysJenner,foodgod,536,everyhour,105,pooshdotcom,520,,,,,,,,,,,,
@ParisHilton,kellyrowland,7878,mikesnedegar,7645,KKWFORMATION,9527,,,,,,,,,,,,
@rihanna,ryanseacrest,465,,,,,,,,,,,,,,,,
@KKWFRAGRANCE,KKWMAFIA,55,,,,,,,,,,,,,,,,
@YEARSofLIVING,enews,111697,,,,,,,,,,,,,,,,
@KimKWestForever,kendalljenner,41,KKWFORMATION,23,UltimateKKW,8,,,,,,,,,,,,
@narcicismo,krisjenner,302,everyhour,71,skims,555,,,,,,,,,,,,
@diana_guirguis,TheKimbino,184,KKWFORMATION,466,enews,113947,,,,,,,,,,,,
@mrLdavis,balleralert,96,enews,113672,ArianaGrande,57172,,,,,,,,,,,,
@msbrixonbaby,skims,126,pooshdotcom,293,TheKimbino,26,,,,,,,,,,,,
@Kanyeberly,khloekardashian,12,everyhour,220,NoemyeWest,255,,,,,,,,,,,,
@rodashian,pooshdotcom,58,TheKimbino,229,enews,113972,,,,,,,,,,,,
@thejakecalderon,robkardashian,80,lala,1,NoemyeWest,472,,,,,,,,,,,,
@AsyaKardashian,kourtneykardash,72,everyhour,333,TheKimbino,185,,,,,,,,,,,,
@itsKELSEYtho,everyhour,160,skims,88,tracyromulus,588,,,,,,,,,,,,
@kuwthewests,NoemyeWest,383,TheKimbino,150,KKWFORMATION,133,,,,,,,,,,,,
@NaeATX,kourtneykardash,254,everyhour,132,skims,332,,,,,,,,,,,,
@sarahrhoward,TheEllenShow,26725,,,,,,,,,,,,,,,,
@harryhudson,khloekardashian,636,kanyewest,612,jaden,700,kourtneykardash,810,kendalljenner,771,bellahadid,752,kyliejenner,122,,,,
@KimKsthetic,everyhour,320,KimKLegion,106,AliceMarieFree,141,,,,,,,,,,,,
@teamkanyedaily,scottdisick,466,NoemyeWest,39,TheKimbino,154,,,,,,,,,,,,
@ZOHALxo,angiemartinez,496,skims,66,tracyromulus,742,,,,,,,,,,,,
@KimKanyeKimYeFC,everyhour,237,NoemyeWest,272,TheKimbino,89,,,,,,,,,,,,
@voguerunway,AP_Fashion,2250,,,,,,,,,,,,,,,,
@l_yler,harryhudson,773,skims,121,jenatkinhair,437,,,,,,,,,,,,
@DailyMailCeleb,ryanseacrest,390,ArianaGrande,56639,TheEllenShow,26139,,,,,,,,,,,,
@chrissyteigen,lala,3784,balleralert,4447,JustJared,1826,,,,,,,,,,,,
@Caitlyn_Jenner,robkardashian,1033,,,,,,,,,,,,,,,,
@Darealniecey,TheKimbino,2325,brittgastineau,1834,forevermalika,2197,,,,,,,,,,,,
@ORousteing,kyliejenner,911,harpersbazaarus,785,bellahadid,449,,,,,,,,,,,,
@patmcgrathreal,MakeupShayla,478,people,906,TheEllenShow,26272,,,,,,,,,,,,
@felipemnzp,tracyromulus,680,TheKimbino,104,bellahadid,316,,,,,,,,,,,,
@lovekardashhian,foodgod,105,NoemyeWest,363,makeupbymario,233,,,,,,,,,,,,
@steph_shep,robkardashian,849,harpersbazaarus,662,yokoono,888777,,,,,,,,,,,,
@OfficialALT,jlo,1652,,,,,,,,,,,,,,,,
@jaden,krisjenner,65,yokoono,888841,ArianaGrande,57411,,,,,,,,,,,,
@voguemagazine,jlo,1238,,,,,,,,,,,,,,,,
@_xmarissabee,KKWMAFIAMEDIA,104,KKWFORMATION,51,wannabelikekim,24,,,,,,,,,,,,
@MyleezaKardash,skims,919,TheKimbino,828,krazyforkardash,1008,,,,,,,,,,,,
@Oprah,TheEllenShow,26778,,,,,,,,,,,,,,,,
@CRFASHIONBOOK,kyliejenner,763,harpersbazaarus,637,bellahadid,301,,,,,,,,,,,,
@jenatkinhair,usweekly,621,bellahadid,4,TheEllenShow,26547,,,,,,,,,,,,
@harpersbazaarus,serenawilliams,528,AP_Fashion,1974,JustJared,2068,,,,,,,,,,,,
@iheartkimnet,TheKimbino,264,kardashiannavy,55,KimKLegion,121,,,,,,,,,,,,
@kanyewest,scottdisick,252,krazyforkardash,120,wannabelikekim,196,,,,,,,,,,,,
@stevestoute,jlo,1666,,,,,,,,,,,,,,,,
@wannabelikekim,skims,156,KimKLegion,113,,,,,,,,,,,,,,
@kardashiannavy,harryhudson,761,mikesnedegar,1808,iheartkimnet,55,,,,,,,,,,,,
@krazyforkardash,brittgastineau,267,skims,80,iheartkimnet,84,,,,,,,,,,,,
@davegrutman,simonhuck,312,,,,,,,,,,,,,,,,
@foodgod,AP_Fashion,2807,davegrutman,49,,,,,,,,,,,,,,
@lorenridinger,foodgod,1049,MakeupShayla,771,forevermalika,1036,,,,,,,,,,,,
@people,JustJared,1219,enews,112366,AdrienneBailon,1185,,,,,,,,,,,,
@foreverkhadijah,brittgastineau,182,mikesnedegar,1694,lorenridinger,859,,,,,,,,,,,,
@makeupbymario,kandeejohnson,868,kandeejohnson,878,lorenridinger,711,,,,,,,,,,,,
@forevermalika,angiemartinez,602,enews,114035,jenatkinhair,488,,,,,,,,,,,,
@KylieJenner,harryhudson,122,forevermalika,946,bellahadid,462,,,,,,,,,,,,
@tracyromulus,kellyrowland,790,AP_Fashion,1946,skims,913,,,,,,,,,,,,
@KendallJenner,simonhuck,295,jenatkinhair,435,bellahadid,431,,,,,,,,,,,,
@ScottDisick,foodgod,27,davegrutman,76,,,,,,,,,,,,,,
@pooshdotcom,bellahadid,479,yokoono,888930,ArianaGrande,57530,,,,,,,,,,,,
@SimonHuck,brittgastineau,11,elizabethtaylor,359,davegrutman,312,,,,,,,,,,,,
@JLo,ryanseacrest,1177,people,14,JustJared,1205,,,,,,,,,,,,
@RoxySowlaty,enews,113944,,,,,,,,,,,,,,,,
@Usweekly,simonhuck,760,JustJared,1780,enews,112927,,,,,,,,,,,,
@MIKESNEDEGAR,brittgastineau,1512,irvingazoff,1904,stevestoute,1854,,,,,,,,,,,,
@lala,ryanseacrest,422,balleralert,661,JustJared,1963,,,,,,,,,,,,
@khloekardashian,foodgod,201,roxysowlaty,97,lorenridinger,848,,,,,,,,,,,,
@serenawilliams,brittgastineau,67,foreverkhadijah,115,TheEllenShow,26743,,,,,,,,,,,,
@KELLYROWLAND,brittgastineau,1279,stevestoute,1621,enews,112397,,,,,,,,,,,,
@BrittGastineau,foreverkhadijah,182,AdrienneBailon,125,TheEllenShow,26676,,,,,,,,,,,,
@robkardashian,angiemartinez,405,roxysowlaty,916,irvingazoff,1040,,,,,,,,,,,,
@angiemartinez,balleralert,335,enews,113433,AdrienneBailon,118,,,,,,,,,,,,
@KrisJenner,skims,17,elizabethtaylor,200,kardashiannavy,126,,,,,,,,,,,,
@RyanSeacrest,irvingazoff,539,JustJared,2382,stevestoute,489,,,,,,,,,,,,
@kourtneykardash,scottdisick,54,foreverkhadijah,163,kardashiannavy,49,,,,,,,,,,,,
@SKIMS,,,,,,,,,,,,,,,,,,
@ELIZABETHTAYLOR,,,,,,,,,,,,,,,,,,
@IRVINGAZOFF,,,,,,,,,,,,,,,,,,
@elirusellinetz,,,,,,,,,,,,,,,,,,
@kkwbeauty,,,,,,,,,,,,,,,,,,
@KKHOfficial,,,,,,,,,,,,,,,,,,
@MailOnline,,,,,,,,,,,,,,,,,,
@ddlovato,,,,,,,,,,,,,,,,,,
@Uberfacts,,,,,,,,,,,,,,,,,,